{"Exploitation Casa": {"Maintenance Casa": ["Equipe Postes Casa", "Equipe Postes Settat", "Equipe Contrôle Commande et Télécom Casa", "Equipe TST Lignes Casa", "Equipe Lignes Settat", "Equipe Lignes Casa", "Equipe Postes Casa"], "Conduite et Exploitation Casa": ["Equipe Conduite Casa", "Equipe Postes Casa", "Equipe TST Postes Casa", "Equipe Contrôle Commande et Télécom Casa", "Equipe Conduite Settat"]}, "Exploitation El Jadida": {"Maintenance El Jadida": ["Equipe Postes Safi", "Equipe Contrôle Commande et Télécom El Jadida", "Equipe Lignes El Jadida", "Equipe Lignes Safi", "Equipe Postes El Jadida"], "Conduite et Exploitation El Jadida": ["Equipe Conduite Chemaia", "Equipe Conduite Ghanem", "Equipe Conduite Bouguedra", "Equipe Conduite Sidi Bennour", "Equipe Conduite Safi", "Equipe Conduite Jorf Lasfer", "Equipe TST Postes El Jadida", "Equipe Conduite El Jadida"]}, "Exploitation Afourer": {"Maintenance Afourer": ["Equipe Contrôle Commande et Télécom Afourer", "Equipe Lignes Afourer", "Equipe Lignes Tadla", "Equipe Lignes Kalaa", "Equipe TST Lignes Afourer", "Equipe Postes Afourer"], "Conduite et Exploitation Afourer": ["Equipe Conduite Afourer", "Equipe Conduite Khouribga", "Equipe Conduite Bengurir", "Equipe Conduite Kalaa", "Equipe TST Postes Afourer"]}, "Division Technique": {"Étude": ["Equipe Étude Centrale"], "Réalisation": ["Equipe Réalisation Centrale"]}}